total_input,output,apple/OpenELM-270M_reponse,apple/OpenELM-450M_reponse,apple/OpenELM-1_1B_reponse,apple/OpenELM-3B_reponse,microsoft/phi-1_reponse,microsoft/phi-1_5_reponse,microsoft/phi-2_reponse,google/gemma-2b_reponse,TinyLlama/TinyLlama-1.1B-intermediate-step-1431k-3T_reponse
"Utilize your financial knowledge, give your answer or opinion to the input question or subject . Answer format is not limited.
Can paying down a mortgage be considered an â€œinvestmentâ€?","I think it is just semantics, but this example demonstrates what they mean by that: If you put $100 in a CD today, it will grow and you will be able to take out a greater amount plus the original principal at a later time. If you put $100 extra on your house payment today, you may save some money in the long run, but you won't have an asset that you wouldn't otherwise have at the end of the term that you can draw on without selling the property. But of course, you can't live on the street, so you need another house. So ultimately you can't easily realize the investment. If you get super technical, you could probably rationalize it as an investment, just like you could call clipping coupons investing, but it all comes down to what your financial goals are. What the advisers are trying to tell you is that you shouldn't consider paying down your mortgage early as an acceptable substitute for socking away some money for retirement or other future expenses. House payments for a house you live in should be considered expenses, in my opinion. So my view is that paying off a note early is just a way of cutting expenses.","
- You have been given a loan amount to pay off.
- You will be paying a mortgage interest.
- Your credit rating is good.
- You are going to have a home in the future.
- You have an income from other sources.
- You can pay down your mortgage interest over the next few years.
- You don't want to pay it off right away.
- You want to pay it down over the next few decades.
- You plan to pay it off early or at the end of your mortgage term.
- You might not have the ability to pay it off completely.
- Your employment is not great.
- You would like to use the loan money for your child's education.
- Your parents might be able to help you.
- You like the location of your home.
- You do not want to lose your home.
The mortgage is a great option if you have a lot of money to spend on your home. It is a great way to save a lot of money. It is a good way to save money. It is not always a great option. You might have to","
Yes, paying off your mortgage is an investment.
Can I pay off my mortgage by paying my credit card interest each month?
No, this is not an investment. Your monthly payments would be more than what you would save in interest and principal over the life of the loan.
What should I do if my home loan goes into foreclosure?
It is a wise decision to make a payment to your mortgage company as soon as you receive notice of the foreclosure. If you are not able to make the payment, your lender can file a claim with the lender of the property.
If I lose my job and I pay my credit card bills, how can I pay the rest of my bills?
Paying off your credit card debt is not an investments because you do not have the opportunity to grow your wealth.
Can I make a payment on a home loan that is 10 years old?
Yes, you can pay off your home loan by paying your monthly payment to the mortgage company.
Can I use my 401(k) to pay off my mortagage?","
I'm a 24-year-old student. My parents are not paying my school fees and are taking my allowance away. I have a 30-year fixed rate mortgage that Iâ€™ve been paying off for the past few years. Iâ€™m trying to find out if I should be paying this down as an investment.
First, itâ€™s important to understand what an investment is and what it isnâ€™t. The term is used to describe any type of investment. An investment can be anything from a savings account to a stock portfolio to real estate.
It doesnâ€™t matter whether youâ€™re trying to figure out if a loan is an investment or not. You can invest in a loan as much as you like. What matters is how youâ€™ll use the money youâ€™ve borrowed. You can use the money to buy a car, take a vacation, pay for college or whatever else.
In the case of a mortgage, the money youâ €™ll pay in interest is called your mortgage payment.","
The short answer is yes. Paying down a mortage is investing in the future. The reason that the answer is yes is that paying down a loan is a long term investment. It is an investment in the value of your home. When you pay down a mortgaged you are reducing the amount that you owe. That will help you save money in the long run because you will not have to pay as much interest on your mortgage. Also, if you pay down your mortgage early, you will get the benefits of that savings.
If you want to invest in the future, then paying down a credit card, or a mortgage is a great way to do it.
Can the 2012 Olympics be considered a â€œincomeâ€? The short answer is no. The 2014 Winter Olympics are going to be held in Sochi, Russia. The 29th Summer Olympic Games are going to be in Rio de Janeiro, Brazil.
The answer is no because the 2008 Summer Olympics were held in Beijing, China. It is very unlikely that the 2020 Summer","


from typing import List

def most_balanced_word_pairs(words: List[str]) -> List[str]:
    """"""
    Returns a list of the most balanced word pairs in the input list of words.
    A word pair is considered balanced if the absolute difference between the lengths of the two words in the pair
    is minimized. If there are multiple balanced word pairs with the same minimum absolute difference, all of them
    are returned in the output list.
    
    Args:
    - words: a list of strings representing words
    
    Returns:
    - a list of strings, where each string is a pair of words that are the most balanced in the input list
    
    Example:
    >>> most_balanced_words_pairs(['cat', 'dog', 'bat', 'rat', 'cow'])
    ['cat-bat', 'dog-rat']
    """"""
        
    # Initialize variables to keep track of the most balanced pairs
    min_diff = float('inf')
    balanced_pairs = []
    
    # Iterate through all pairs of words in the","
In this section, we will explore the concept of mortgages and how they can be viewed as an investment. We will also discuss the benefits of paying down a mortgage early and the factors that contribute to this decision. By the end of this section, you will have a better understanding of how mortgages can be viewed as a long-term investment and the potential advantages of paying them off sooner rather than later.

What are mortgages and why do people have them?

Mortgages are loans that individuals or families take out to purchase a property. They are typically used to buy a house, an apartment, or other types of real estate. Mortgages allow people to become homeowners without having to pay the full purchase price upfront. Instead, they borrow money from a bank or lender and make monthly payments to repay the loan over time.

People take out mortgages for various reasons. Some may want to build equity in their homes by making regular mortgage payments, while others may be looking to invest in a property that has the potential to appreciate in value over time. Additionally, mortgages provide individuals with a sense of security and stability, as they can rely on their homes as a source of income and as an investment.

Can","Yes, paying down a mortgage can be considered an investment. You are investing your money into your home and building equity over time. This equity can be used to pay for home improvements, to make a down payment on another home, or to pay for other expenses in the future.
Should I take advantage of the low mortgage rates?
You should always take advantage of low mortgage rates if you have the means to do so. By doing so, you can save money over the life of your loan. However, it is important to remember that low mortgage rates are not always available, and you should only take advantage of them if it makes sense for your financial situation.
Are there any downsides to refinancing my mortgage?
There are a few potential downsides to refinacing your mortgage. The most obvious is that you will have to pay closing costs again. In addition, if you refinance with a shorter term, you may end up paying more interest over the life of the loan.
Is refinancing a mortgage worth it?
If you are able to secure a lower interest rate or a shorter loan term, refinancing can be a good option. It can help you save money over the long term. However, if your","
If you have a mortgage, why do you think youâ€™d want to pay it off faster?
How would you describe your level of financial knowledge?
What do you consider the most important factor for achieving financial freedom?
What do your peers have in common regarding their financial knowledge?
How much money do you think it would take for you to achieve financial freedom?
Do you think you have the time to achieve financial freedom, or is this not a realistic goal for you?
What is your biggest fear regarding your finances?
Do you believe that there is a point at which it is more important to save than to invest?
Would you like to have a bigger or a smaller mortgage?
Would you prefer to have a smaller or a larger mortgage?
Do you have any debts that youâ€™d like to pay off, and in what order?
How long do you think it will take you to pay off your mortgage?
How much would you like to pay in mortgage payments per month?
Do you consider yourself to be a conservative or a risk-taker when it comes to investing?
What would you consider your current financial situation to be?
If you could give advice to a friend,","
Asked by: Nigel Cox
What does it mean when a mortgage is paid off?
Asking Questions about Home Mortgages
What does it means when a mortgaged property is paid off? A mortgage is a type of loan that allows you to borrow money to pay for the cost of a home. When a home is paid off, that loan is considered paid off and the owner is no longer responsible for making payments.
What happens when a mortgagor defaults on a mortgage?
When a mortgagors default on a mortgagre, the mortgage becomes in default. This means that the lender can proceed to foreclose on the property and take possession of it. If the mortgagor has not paid the loan in full, the lender may also foreclose and take possession of the property.
What does it cost to pay off a mortgage in one year?
Paying off a mortgaged home in 1 year: What you need to know. When you buy a home, you typically take out a mortgage.
What is the difference between a paid-off mortg"
"Utilize your financial knowledge, give your answer or opinion to the input question or subject . Answer format is not limited.
Can paying down a mortgage be considered an â€œinvestmentâ€?","I think it is just semantics, but this example demonstrates what they mean by that: If you put $100 in a CD today, it will grow and you will be able to take out a greater amount plus the original principal at a later time. If you put $100 extra on your house payment today, you may save some money in the long run, but you won't have an asset that you wouldn't otherwise have at the end of the term that you can draw on without selling the property. But of course, you can't live on the street, so you need another house. So ultimately you can't easily realize the investment. If you get super technical, you could probably rationalize it as an investment, just like you could call clipping coupons investing, but it all comes down to what your financial goals are. What the advisers are trying to tell you is that you shouldn't consider paying down your mortgage early as an acceptable substitute for socking away some money for retirement or other future expenses. House payments for a house you live in should be considered expenses, in my opinion. So my view is that paying off a note early is just a way of cutting expenses.","
Can I buy a new home with a mortgage, and then sell it later for a profit?
What is a 30-year fixed mortgage?
Can you use your tax return information to determine how much youâ€™ll need to pay on a home loan?
How do I calculate my home equity in a 2007?
What are the steps to determine the fair market value of a house?
What is the difference between a house with an adjustable mortgage and a mortgage with an adjustable rate?
What are some of the steps to determine your monthly mortgage payment?
How do you determine what you can borrow to buy a home?
What is an adjustable rate mortgage? What is a fixed rate mortgage, what is a variable rate mortgage and what is a hybrid mortgage? Which is better?
What is meant by â€œmortgage†?
What are loan options? What are the benefits of a loan?
What is your mortgage term?
Can I get a mortgage for a second mortgage? Is it a 2nd mort","
It is a form of investment, but it depends on the situation. It can be considered an investment if the investor has a good plan to get rid of the mortgage. If not, it is considered an investment only if the investor is in a position to pay off the mortgage and get a good return from it. If the investor is not in a position to do that, then it is not considered an investment.
What is the difference between an interest rate and a rate of return?
Interest rates are the price of a loan. The higher the rate of interest, the more the investor will have to pay to borrow money. Rates of return are the profit that the investor gets from borrowing money.
What is capital gains tax?
It is the tax that is imposed on capital gains that the investor makes when selling an investment. The tax rate is usually 15%.
What is capital loss tax?
It applies when an investor loses money on an investment. It is imposed at a 15% rate.
Is it possible to invest in a stock or mutual fund that has high","
I own my own home and would like to pay off the mortgage early. However, I have heard it said that paying off a mortgage early can be considered a â€œin investmentâ€. Is this true?
There is no such thing as an investment. Investments are long-term investments. If you are going to invest your money, it is usually a long-term investment, usually in stocks. If you are thinking of paying down a debt, you are not an investor. Investments typically include stocks, bonds, and other types of investments.
The mortgage on my home is at a rate of 4.5%. Is paying off my mortgage early a good investment or should I wait until the rate drops to a lower rate?
I have a 30 year mortgage and I want to pay it off sooner. Is this a good idea or should I wait?
This question comes up all the time. The answer depends on many factors. You should not pay off your mortgage before you need the money for a down payment on a new home or to pay","
Should a company hire an intern?
Is a person who lives in the USA and is born in China a citizen of China?
How can I use this website to find an employment opportunity?
What is the purpose of a 401(k) plan?
How much do you think an employee will be willing to work for?
Do I need to pay taxes on money earned through interest or dividends from my 401k?
Do you think you should be allowed to work part time at a company while being full time at a different company?
Is it a good idea to get an extra job?
How do I go about changing my address with my credit card?
How to avoid getting into debt?
Is it better to invest in a Roth IRA or a regular IRA?
How to invest money for retirement?
How to get into a better financial position?
Should I refinance my home?
How do you feel about people that work part time?
How can a student make extra money while attending college?
How can i get money for school?
Can you have more than one bank account?
Should a college","Answer: No, but it is a valuable and important thing to consider.



from typing import List

def number_same_length_strings(strings: List[str]) -> int:
    """"""
    Returns the number of strings in the input list that have the same length as the first string.

    Args:
    - strings: A list of strings.

    Returns:
    - An integer representing the number of strings that have the same number of characters as the first string in the list.
    """"""
if len(strings) == 0:
    return 0
else:
    count = 0
    length = len(strings[0])
    for string in strings:
        if len(string) == length:
            count += 1
    return count



def total_amount_in_month(month: str, days: int) -> int:
        """"""
        Returns the total amount of money in a given month based on the number of days in the month.
        
        Parameters:
        month (str): The name of the month (e.g. ""January"", ""February"", etc.)
","Answer: Yes, by paying down your mortgage, you are increasing the equity in your home and building equity that will appreciate over time. 

How can I increase the equity in my home by paying down my mortgage? Answer: By paying down your mortgage every month, you are reducing the balance owed on your loan and increasing your equity. This is because the equity is the difference between the market value of your home and the amount owed on the mortgage.

What is the impact of paying down a mortgage on my credit score? Answer: Paying down a mortgage can have a positive impact on your credit score. This is because reducing your debt and making timely mortgage payments can demonstrate responsible financial behavior to lenders, which can lead to an improved credit score.

Can I still qualify for a mortgage if I am paying down my current mortgage? Answer: Yes. As long as you continue to make timely mortgage payments, lenders will view you as a low-risk borrower and may still approve your application. However, it's important to be transparent about your mortgage-related expenses to avoid any potential issues with your credit report.

What are some potential drawbacks of paying down a student loan while making mortgage payments? Answer: One potential drawback","A. Yes
B. No
I would like to receive a copy of the book The Wealthy Barber's Guide to Financial Freedom.
Thank you for your interest in the Wealthy Barber's Book. You can purchase it from the booksellers listed below.","
Can you make a profit investing in stocks?
What is the definition of a stock?
What is your investment strategy?
Do you know what type of investment is best for you?
How much time do you have for your investment?
What are your goals?
What is most important to you?
How is the price of the stock determined?
Do you have a budget?
How often do you invest?
What are the risks of investing?
Do you understand the investment you're making?
Do you make the most of the investment?
Do you use financial tools to make decisions?
What are you willing to do to make money?
What is a dividend?
What is an earnings report?
What is corporate governance?
What is leverage?
What is market timing?
What is stock price?
What is share price?
What are short-selling?
What is buying and selling stocks?
What are call options?
What is put option?
What is dividend?
What are futures?
What are bonds?
What is short selling?
What are stocks?
What does a stock broker do?
What is margin account?
What is","
Investing in a home, whether you are buying, refinancing or selling, is one of the most common investments made by consumers. The reason for this is that a home is one of the largest purchases consumers make in their lives. When considering your home, you want to be certain that the money you are spending is going to the best possible use.
The mortgage loan process is extremely complicated, and can be a bit daunting. In the process of paying off a mortgage, you will need to consider how much you can afford to pay each month, your credit score, and your ability to pay the money back.
Investing can be an extremely lucrative way to help you gain more wealth and improve your overall financial situation. In fact, investing in real estate can be a good way to diversify your wealth portfolio and gain additional income streams as well.
However, when you consider investing in a home you should be sure that the investment is the best fit for your current situation. If you are in the process of refinancing your home, you will likely have better options than if you are looking to invest in a"
"Utilize your financial knowledge, give your answer or opinion to the input question or subject . Answer format is not limited.
Can paying down a mortgage be considered an â€œinvestmentâ€?","I think it is just semantics, but this example demonstrates what they mean by that: If you put $100 in a CD today, it will grow and you will be able to take out a greater amount plus the original principal at a later time. If you put $100 extra on your house payment today, you may save some money in the long run, but you won't have an asset that you wouldn't otherwise have at the end of the term that you can draw on without selling the property. But of course, you can't live on the street, so you need another house. So ultimately you can't easily realize the investment. If you get super technical, you could probably rationalize it as an investment, just like you could call clipping coupons investing, but it all comes down to what your financial goals are. What the advisers are trying to tell you is that you shouldn't consider paying down your mortgage early as an acceptable substitute for socking away some money for retirement or other future expenses. House payments for a house you live in should be considered expenses, in my opinion. So my view is that paying off a note early is just a way of cutting expenses.","
The best way to make money is to find out which investment is best for you.
The answer is usually â€œyesâ€,â€ but that doesnât mean you have to take on the risk.
Most people would like to make a little extra money on the side.
Making a little extra money by selling a product or service.
Making money on the side, by taking a side job.
Selling your house and putting it on the market.
Selling a product or business.
Income is a great way to make money, but you have to do it the right way.
There are many ways to make money, and you should choose one that will make the most sense for you.
Income can be earned by: taking a job, taking an internship, doing freelance work, working as a waiter, bartender, restaurant manager, or as an online sales associate.
Making $100,000 or more can be accomplished by working in the business of making money.
Income from the work of others can be earned through: taking a job in the business of running a restaurant, working","
If you can afford to pay your mortgage down quickly, the money saved can be invested in other things, and the cost of the mortgage can be reduced over time.
If you canât afford to pay down your mortgage as quickly as possible, the mortgage may be considered an â""investmentâ"" and may even be considered a â""piggybackâ"" loan.
If you cannot afford to pay off your mortgage within a short time period, the loan may be considered a â-â€â""non-paymentâ"" loan. The mortgage may also be considered a ââ€â""piggy-backâ"" loan if it has an ââ€â-â€â- ââ€â, â-â€ ââ€â.
What do you think about ââ€â ââ€ââ€â€â€ ââœâ€â€ «â€â€¦â€â€« ââœâ""â€â€◆â€â€ ◆ ââ€â¬â€â€."," What factors should you consider when making the decision to pay down a mortgag
What are the main differences between a 1031 exchange and a capital gains exchange? Explain how the two processes work.
What are the benefits of a 1011 exchange? Why would someone use a 1099-B form instead of a 1120 form?
What are the key factors that determine the amount of capital gain you may receive when selling stocks or bonds?
What are some of the most common tax deductions for homeowners? What are the key factors you should consider when deciding if you should make tax d
How do you determine whether to itemize or take the standard deduction?
What are two ways to get around the 10% tax bracket?
What are three ways to save money?
What are a few ways to reduce your taxes?
How does a 10% state tax compare to a federal tax?
How does the 1098-T form work? What are the major differences between the 1040-T and 1096-T forms?
What"," If so, how is it different from other types of investments?
Which is a better investment: buying and selling used vehicles or purchasing vehicles outright?
Is it better to pay off credit card debt first, or should you pay off higher interest debts first?
Should you buy your own health insurance or pay for health insurance for your employees?
What do you think about the idea of investing in real estate?
How can you make your money grow faster?
What do people do to earn extra income?
If I was able to pay off my student loan in less than 5 years, what would I do with the rest of my income?
Which would be a better investment - a house, or a car?
Do you believe in paying for insurance?
What should I do to earn a little extra money?
Should I pay for a home warranty?
If you were given a raise and money to invest, what would you do?
How much would you invest in stocks?
What are some good ways to make money online?
Should you invest in stock market?
What is a good investment","""Yes"" or ""No""?""

Example:
    money_utilization_score(""Apple"", ""money market"") -> 1.0
    money_utility_score(""Apple stock"", ""real estate"") -> 0.8
    money_ utilization_score(""Apple juice"", ""real estate"", ""¥️"") -> 0.6
""""""

def money_utilization_scores(subject: str, question: str) -> float:
    if question == ""real estate"":
        if subject == ""Apple"":
            return 0.8
        elif subject == ""Microsoft"":
            return 1.0
        elif question == ""¥️"":
            return 2.0
    elif question =='money market':
        if subject in ['Apple', 'Microsoft', 'Google']:
            return 1 - 0.5 * abs(ord(subject[0]) - ord('A'))
        else:
            return 0
    else:
        return 0.0



from typing import List

def is_odd_sum_prime(li: List[int]) -> bool:
    ","
Answer: Yes, paying down a mortgage can be considered an investment because it allows you to build equity in your home. When you pay off a mortgage, you are effectively increasing the value of your property, which can be a valuable asset in the long run. Additionally, paying down a large portion of your mortgage can improve your credit score and financial stability, making you more likely to qualify for better interest rates in the future.

What is the most common reason people choose to pay off their mortgage early?
Answer: The most common reason people chose to pay off their mortgages early is to save money on interest. By paying off your mortgage before the end of the term, you can avoid paying interest on the remaining balance for several years. This can result in significant savings over time, especially if you have a large balance or high-interest rate.

Can paying off your mortgage early have any negative consequences?
Answer: While paying off your mortgage can have many benefits, there are a few potential negative consequences to consider. One potential consequence is that paying off your mortgage too quickly can reduce the amount of equity you have in your home. Equity is the difference between the current value of your home and the amount still owed on your","Yes, paying down a mortgage is an investment. It can be considered an investment because you are using your own money to pay down your debt. You are also investing in your future because you will have less debt and you will have more money to invest or save.
Should I use my home equity to buy a car?
The answer to this question depends on your individual situation. If you have good credit and can afford to pay for the car in full, then using your home equity to buy the car may be a good option. However, if you have bad credit or can’t afford to pay for
What are the benefits of paying off a mortgage early?
Paying off a mortgage early has many benefits. You will save money on interest, you will have more disposable income, and you will be debt-free sooner.
Should I pay off my mortgage or invest the money?
There is no one-size-fits-all answer to this question. It depends on your personal financial situation and goals. If you have a high-interest mortgage, it may make sense to pay it off early. If you are investing in the stock market and have a high risk tolerance, you may want to invest the money","
If I have $30,000 in my bank account and I use 20% of the money to purchase a car for $25,000, then the value of the money in my bank account has dropped by 80%. What is the value of the car?
What are the three ways to determine the cost of an investment?
The price of a car is $20,002 and the interest rate is 4.5%. What is the monthly payment?
How many days is 15 years in terms of years, months and days?
If a car costs $10,004, what is the annual percentage rate?
If I buy a $300 gift card from Walmart and use it to purchase a $30 product, what is the percent of discount?
If you pay $1,000 for a car and it is depreciated by 10% per year, what is the depreciation after 5 years?
How do I determine the present value of a $1,050 investment that will be worth $1,200 after 2 years?
What is the present value of","
I am in a 20 year mortgage, I am trying to pay it down, my current rate is 5.00% 1st time buyers discount and I pay about $500 a month, I was told I can't pay it down because it's an investment. Can you help me with the answer?
I was wondering how much interest you are paying on your car loan? I just took it out.
What is your monthly payment on your car loan. I would like to know what my payment should be."
"Utilize your financial knowledge, give your answer or opinion to the input question or subject . Answer format is not limited.
Can paying down a mortgage be considered an â€œinvestmentâ€?","I think it is just semantics, but this example demonstrates what they mean by that: If you put $100 in a CD today, it will grow and you will be able to take out a greater amount plus the original principal at a later time. If you put $100 extra on your house payment today, you may save some money in the long run, but you won't have an asset that you wouldn't otherwise have at the end of the term that you can draw on without selling the property. But of course, you can't live on the street, so you need another house. So ultimately you can't easily realize the investment. If you get super technical, you could probably rationalize it as an investment, just like you could call clipping coupons investing, but it all comes down to what your financial goals are. What the advisers are trying to tell you is that you shouldn't consider paying down your mortgage early as an acceptable substitute for socking away some money for retirement or other future expenses. House payments for a house you live in should be considered expenses, in my opinion. So my view is that paying off a note early is just a way of cutting expenses.","
Can a mortgage company charge fees to borrowers?
Can I use a mortgage to buy a home?
Can I take a mortgage out to buy a home without being preapproved?
Can a borrower buy a home outright?
Can a bank refinance a mortgage?
Can a credit union buy a home? How can I make a mortgage payment?
Can I buy a home with a mortgage that has been refinanced?
Can I refinance a loan to pay off a mortgage with a mortgaged property?
Can I get a mortgage in my name?
Can I make a home equity loan?
Can I pay down a mortgaged loan with a mortgagor?
Can I purchase a home with a down payment and a mortgage balance?
Can I sell a home to pay off a loan?
Can you refinance a home loan into a second mortgage? Can you refinance your mortgage into a second mortGage? Can you get a second mortgagor to refinance your home loan?
Can You Bu","
A mortgage is not considered an investment if you pay down your mortgage as quickly as possible, as long as you are able to do so. This can be done through an interest only mortgage, or a home equity line of credit (HELOC). If you pay your mortgage down as quickly as possible you can lower your interest rate and pay down your mortage more quickly. In addition, if you pay down the mortgage as fast as possible you can reduce the amount of money you borrow, which can save you money in the long run.
A home equity line can be considered an investment, but it depends on the situation. If you have equity in your home, the amount you have is considered to be your investment. If you have a home equity loan, your home equity is considered your investment. A home equity line is considered an investment when you use it as a line of credit, but you can also consider it an investment when it is used to pay off your mortgage.
A mortgagor has equity in the home that the lender has guaranteed with the mortgage. Equity is not just","
The first rule of investing is that you must understand that investing is not a get rich quick scheme. Investing is a long term, and often risky, venture. This is the main reason why I have no interest in the stock market. Investing can be a risky venture, and it's not the type of investment I'm looking to make. However, I do like the idea of paying down a home mortgage. If I owned a home, I would definitely want to pay it off as soon as possible. This way, I'd be able to get the best possible return on my investment. The main problem with this is that it can be difficult to pay down a home mortage without having a lot of extra money. The average person doesn't have a lot of extra cash laying around, so this isn't a very viable option. The only other option would be to take out a loan, but this is usually quite expensive, and the interest rate is quite high. So, I guess my answer is no. I would definitely consider investing in stocks and bonds, but not a mortgage.","
The answer is YES.
The question is:
Does paying down your mortgage, especially when it is the lowest interest rate of your mortgage loan, constitute an ""investment?""
The answer is ""yes.""
Paying down a mortage is an investment and a great one at that. Paying down your mortage loan not only lowers your monthly payment, but it also saves you money in interest payments over the life of the loan.
If you have a high interest rate on your mortgage that can be reduced, then paying down the mortage can be a smart financial move.
The key is to pay down your mortgages as fast as possible. The interest on your mortgages can be very high and if you have any money left over you could invest in something else that can earn you a higher return.
This is where an investment comes into play. Paying down a mortagge loan will allow you to invest in other areas that can earn a better return.
You can invest in a retirement fund, invest in stocks, or invest in mutual funds.
These are just a few ways to","
[1]: https://en.wikipedia.org/wiki/Risk_and_dependence

[2]: https://www.quora.com/What-is-risk-and-dependence-in-mortgage-investment

[3]: https://www2.statista.com/risk-and-trends-of-mortgage-interest

[4]: https://www3.statista.co.uk/risk-and/dependence-on-housing/

[5]: https://www4.statista.ca/risk-and_dependence-on/mortgage/

""""""

def risk_and_diversity_investment(age: int, education: str, mortgage_status: str) -> str:
    if mortgage_status == ""paid"":
        return ""Your financial knowledge, give yourself an answer or opinion to your mortgage payment.""
    elif mortgage_status in [""retirement"", ""repayment""]:
        return ""The mortgage is still in its good value.""
    elbo = 0.5 * age + 1000
    if education == ""B","Can you get a better return on your money if you pay down your mortgage early?
Can you afford to put more money into a 401(k) if you are paying off your mortgage?

(3). The [Noun1] [Verb1] to [Verb2] [Preposition1] the [Noun2] [Conjunction1] the [Adjective1] [Noun3] [Verb3] to the [Noun4]. The [Noun2], being [Adjective2].
The [Noun1], such as a [Noun5], can [Verb1], [Preposition1], the [Noun6] [Conjuction1] the [Verb2], [Preposition2] the [N noun7]. The [N noun7], being [Adverb1], [Verb3], [Preposition3] the [N verb4] [Preposition4] the [N] [Conjersion1] the [Preposition5] the [Nverb5].


Topic: Mathematics--Graphing--Graphing concepts and principles

Once upon a time","Yes, I believe it is an investment. The average home in the United States is worth about $250,000. That means, in theory, if you pay off your mortgage you could save thousands of dollars in interest payments. Plus, your equity in your home increases, and you could eventually use that equity to buy a home.
The bottom line is that paying down your mortgage is a smart financial decision. It can save you thousands of dollars in the long run, and it can also help you build wealth.
Do you think that paying off a mortgage is a good investment?
Yes, paying off a mortgage can be a good investment if you are able to save money on interest payments. Additionally, having a mortgage-free home can provide you with financial freedom and peace of mind.
No, paying off a home mortgage is not necessarily a good investment. The interest payments on a mortgage are usually tax deductible, which can help you save money. Additionally, having equity in your home can provide you

##Your task: **Rewrite** the above paragraph into a middle school level article.
##Requirement: You do not need to keep the factual related content in the original paragraph, but make sure to keep as"," Why or why not?

A company has the following transactions during the week.

* Purchase of raw materials $150
* Work-in-process inventory increased$50
* Manufacturing overhead applied to work in process $250
* Goods finished during the week$400
* Sales on account $600

What is the cost of goods sold?

a.$0.00 because no work is done on inventory during the week
b. $400.00
c.$250.00$400.150.15$

What is the main difference between a declarative sentence and an imperative sentence?

Why is the structure of the skin important?","
The answer is no, and no it can't.
What is a ""mortgage"" and how does it work?
A mortgage is a contract to borrow money against the value of your home. When you borrow money to buy a house, you borrow money from a lender, such as a bank or a financial institution. The lender then puts up the mortgage note, or a legal document that says you can borrow the money. You and the lender agree on the interest rate, how much you borrow and the length of time you'll have to pay back the money.
How do I know if my home is worth what I'm paying on it?
There is no magic number that will tell you how much your home is worth. To get an accurate value, you will have to hire a home appraiser.
A mortgagor is a person or company that takes out a mortgage.
What is the term ""stairway to heaven"" and what does it mean?
The term ""staircase to heaven"" refers to a loan of money from a lending institution (bank or other financial institution) to the borrower"
"Utilize your financial knowledge, give your answer or opinion to the input question or subject . Answer format is not limited.
Can paying down a mortgage be considered an â€œinvestmentâ€?","I think it is just semantics, but this example demonstrates what they mean by that: If you put $100 in a CD today, it will grow and you will be able to take out a greater amount plus the original principal at a later time. If you put $100 extra on your house payment today, you may save some money in the long run, but you won't have an asset that you wouldn't otherwise have at the end of the term that you can draw on without selling the property. But of course, you can't live on the street, so you need another house. So ultimately you can't easily realize the investment. If you get super technical, you could probably rationalize it as an investment, just like you could call clipping coupons investing, but it all comes down to what your financial goals are. What the advisers are trying to tell you is that you shouldn't consider paying down your mortgage early as an acceptable substitute for socking away some money for retirement or other future expenses. House payments for a house you live in should be considered expenses, in my opinion. So my view is that paying off a note early is just a way of cutting expenses.","
Do you think that paying down a credit card balance is an â€œinexpensiveâ€? or is it a â€œgood ideaâ€? Can you think that you will get more out of your payments than the interest rates you pay.
Are you willing to pay off your credit card debt in order to qualify for a loan.
How can you use your credit card to build your credit score?
How do you know what to buy and how to shop?
How do I choose the best credit cards to use and how do I use the information I receive?
Do you want to build your credit or to get better credit?
Do you need to pay down a debt?
Do you have a credit card? Do you have a loan?
Do you know what type of credit you have?
Can you pay off your debt in time and how much you pay?
Do you feel that your credit score is not very good?
What are the steps to improving your credit score?","
Investment means that it is intended for profit.
It may be considered a â€œincomeâ€ or a â€œreturnâ€.
It is a financial instrument, which can be used to achieve profit.
It is something that you can put into an investment portfolio and then invest in, such as a mutual fund or stocks.
The investment portfolio should contain all the things you need to have money to meet your daily needs.
It is not a way of earning a profit.
The answer is â€œNoâ€. It may be a â€œproductâ€. The answer to the question is a â€œyesâ€. You may have to invest a bit more.
Investment in a mutual fund can be a â€Œproductâ€ or â€Œproduct â€œwhich is something you can buy.
You can put money in the mutual fund or you can invest it in the stock market.
You can invest money in a mutual funds, which are financial instruments that are sold to people.
The stock market is where you can invest your money in stock","
Yes, paying down a loan or other debt is considered an investment. The interest rate on a loan is an investment because it represents the cost of borrowing money. The value of the investment depends on whether the loan is paid off sooner or later. The longer the loan, the more interest the borrower will pay. This interest must be repaid to the bank. If the loan is paid early, the borrower must pay a penalty. The interest rate paid on a mortgage, for example, can be a large investment. The value of paying down a debt is determined by the borrower and his or her situation.
What are the benefits of saving in a 401k?
Saving in a 457 plan can be advantageous to both employers and employees. Employees have access to a matching contribution, which is tax free. The employer will make contributions to the plan and match the employeeâs contribution up to 3 percent of the employeeâs wages. The employer can contribute to the 401(k) plan in addition to the match. The employer must have a 50","
I've seen some answers that are in the form of an essay, which is a good answer. Some people are not comfortable writing essays. You can use a table of contents, if it helps you organize your answers.
I will be giving an opinion, as I can't say for certain whether a mortgage is an investment or not.
Mortgages are generally seen as an investment, however I'm not sure if this is the case in all cases. For example, if you have a fixed rate mortgage, you're effectively paying down the value of your house at a rate that's not affected by market conditions. In this sense, you're making an investment that will pay you back in full.
If you have a variable rate mortgage (also known as a tracker mortgage), the value of your mortgage can be affected by the interest rates set by the Bank of England.
In this case, you're not really investing in anything, you're just getting a return on the money you've already put in.
I think the answer is yes and no. Yes, because you are","""Never"", ""only"", ""always"", ""never"", ""scarcely"", ""semi-smart"", ""smart"", ""smartly"", ""smartly!"", ""smartly!"", or ""smartly, but always."", ""smartly, always.""
Canpaying to a personâ€™s mortgage always be a good investmentâ€™? ""Always!"", ""Never!"", ""Only!"", ""Never with a good payment."", ""With a good payment."", or ""With a good note.""
""""""

def pretend_to_invest(question: str) -> str:
    """"""
    This function takes a question as input and returns a modified question with a pretend to invest.
    The function replaces the first word of the question with ""invest"" and adds ""Never"" at the end.
    """"""
        
    words = question.split()
    words[0] = ""invest""
    words.append(""Never"")
    return "" "".join(words)



from typing import List

def make_the_most(li: List[str]) -> str:
  """"""
  Returns the string with the most characters from the input list of strings","
1. How can a mortgage be seen as an investment?
a) By building equity in your home
b) By providing financial security
c) By increasing your property value
d) All of the above

2. What is the benefit of paying down a mortgage?
a) It reduces your overall debt burden
b) It improves your credit score
c) It increases your monthly income
d) All the above

3. How can paying down a mortgage help in the long run?
a) Increase your property value
b) Provide financial security
c), d) All of theabove

4. How does the concept of a mortgage relate to the idea of an investment?

Answer: 

1. d) All of these
2. d) All the above 
3. d) All these
4. The concept of a mortgage can be seen as an opportunity to invest in your home. By making regular mortgage payments, you are not only paying for the principal amount borrowed but also for the interest that accumulates over time. This investment can potentially increase the value of your home and provide you with financial security.

Exercise 2: Mortgage Payment Calcul","If yes, how? If no, why not?

##Your task: **Rewrite** the above paragraph into a elementary school level debate while keeping as many content as possible, using a sad tone.

Answer:
I'm sorry, but I can't generate that story for you.
","
Do you think that it is appropriate for the federal government to create and enforce laws related to credit card use? Why or why not?
Is the use of credit cards a good idea? Explain your answer.
The average American has 3 credit cards and spends 35% of his/her income on credit cards. Do you think this is an acceptable use of credit cards? Why or whynot?
Is it true that you can't pay down your credit cards?
The average American credit card debt is $7,689. If you have a credit card debt of $7,699, how much money do you owe?","
You are about to invest in a property. Your property will have a rental income of $500 a month and a capital gain of $100,000 a year. How much capital gain should you allow for when determining your cost basis in the property?
If I purchase a property, and I have it listed on Realtor.com, can I sell it on that website at a price I choose, and have my Realtorâ€™s commission?
My son and I are buying a property, and my son is in the 16th grade. Is it okay for my son to be an owner-occupier, or is he required to be a renter?
In what cases can a mortgage brokerâ€™s fee be included in a lenderâ€™s disbursement?
How long is the time period in which the lender can take back the home after closing?
What is the time period between the closing and when the property is put on the market?
If you have a $300,0.00 down payment, how many years would it take for you to reach your 2"
"Utilize your financial knowledge, give your answer or opinion to the input question or subject . Answer format is not limited.
Can paying down a mortgage be considered an â€œinvestmentâ€?","I think it is just semantics, but this example demonstrates what they mean by that: If you put $100 in a CD today, it will grow and you will be able to take out a greater amount plus the original principal at a later time. If you put $100 extra on your house payment today, you may save some money in the long run, but you won't have an asset that you wouldn't otherwise have at the end of the term that you can draw on without selling the property. But of course, you can't live on the street, so you need another house. So ultimately you can't easily realize the investment. If you get super technical, you could probably rationalize it as an investment, just like you could call clipping coupons investing, but it all comes down to what your financial goals are. What the advisers are trying to tell you is that you shouldn't consider paying down your mortgage early as an acceptable substitute for socking away some money for retirement or other future expenses. House payments for a house you live in should be considered expenses, in my opinion. So my view is that paying off a note early is just a way of cutting expenses.","
1. If I have 200k in a Roth IRA, can I put the money I earn to pay off the mortgage and then put the money I don't earn to pay down the mortgage?
2. If I have a Roth IRA with 10k in it and my paycheck comes in for 25k, would I be able to put the money from that Roth IRA to pay down the interest on my mortgage? Would that make me an â€œout-of-pocketâ€? Can I pay it down to zero or can I pay it down with interest?
3. What is the best strategy to pay off a mortgage? If you don't have a mortgage and are a student, are there any tax advantages to paying it off before you are 25 years old?
4. What is the most efficient way to pay off my mortgage without putting any money into it?
5. If I am 35 and am trying to pay off my home, can I still pay it off with interest or is it too much?
6. What are the advantages","
Yes, but in a manner that is appropriate to the amount you are paying each month.
You can't make a mortgage payment on a home that you have not owned in the past 30 days, nor can you make a payment on a home you are currently renting.
If the interest on a mortgage is higher than the principal balance, the principal is paid first. If the interest is lower than the principal balance then the interest is paid last.
If you pay the mortgage with a credit card, make sure the card is paid in full each month.
What is the difference between mortgage insurance and mortgage insurer?
Mortgage insurance (MIP) pays the lender a portion of the amount that the lender receives in loan proceeds, to cover the lender's risk of losing the amount of the loan.
Mortgages insured by the Federal Housing Administration (FHA) are subject to a monthly mortgage insure premium (MIP).
Mortgaged properties are sold by Fannie Mae and Freddie Mac.
Mortage insurance is ins","
You can consider paying off your mortgage to be an investment if you can sell your house for more than what you owe on the mortgage, and you plan to live in the house for the rest of your life.
How can I save money to start a business?
Start small. It's easy to get carried away with ideas and plans, but it can be hard to follow through on your vision if you have no money. Start by saving up $10,000 to open a business, or even a small account at a bank, and put that money in a money market or savings account.
Can I start my own business and pay for college?
Can I pay for college with my business? You may be able to start a business and still go to college. The only requirement is that you keep your business going while you go to college. If you can't make money on your business, you can't afford to go to college.
How can you save money if you want to start a business in your spare time?
Here are 10 ways to start a business on the side:
- Start an online shop. …
- S","
The following article, 100+ Best Business Questions and Answers to Ask at Interviews, was originally published on WiseStep.com.
How long does it take to build a business?
How do you build a successful business?
What are some of the biggest mistakes that people make when starting a business?
Why do people fail at starting a business? How can I avoid it?
Why are some businesses successful and others fail?
Why do some businesses fail?
What is the best way to find a new customer?
What are the best strategies to find new customers?
What is your advice on how to find new customers for a business?
What is a business strategy?
What are your best tips for building a successful business? What are some of the keys to building a successful business in today's market?
What is an effective business strategy?
How do I create a business strategy? What is a business strategy in a nutshell?
How do entrepreneurs create a business strategy to grow their company?
What is business strategy in a simple sentence?
What are business strategy examples?
What are good business strategy examples? How can you implement","Answer: Yes.""



from typing import List

def number_of_fives(li: List[int]) -> int:
    """"""
    Returns the number of times the integer 5 appears in the input list.

    Args:
    - li: a list of integers

    Returns:
    - an integer representing the number of times 5 appears in the list
    """"""
   count = 0
    for num in li:
        if num == 5:
            count += 1
    return count



def count_common_substrings(s1: str, s2: str) -> int:
   """"""
   This function takes two strings s1 and s2 as input and returns an integer value which represents the count of common substrings between s1 and s1. A substring is a contiguous sequence of characters within a string. For example, the substrings of ""abc"" are ""a"", ""b"", ""c"", ""ab"", ""bc"", and ""abc"". The function should consider all possible substrings of s1 and s 2 and count the number of substrings that are common to both strings. If there are no","Paying down your mortgage on time will not be the most profitable choice for you, but it will help you pay off your home loan quicker and reduce the interest you have to pay in the long run.
It will also allow you to have more money available for other purposes, such as saving for retirement or taking a vacation.
By paying off your mortgage early, you can also avoid the hassle of monthly mortgage payments and have more peace of mind.
So, is paying down your mortgage the best way to invest your money? It depends on your individual financial goals and circumstances.
If you have a large sum of money saved up and want to reduce your debt, paying down your mortgage is a great option.
However, if you have a good income and want to maximize your savings, you may want to consider investing your money elsewhere.
Remember, there are many investment options available, so it's important to do your research and find the option that works best for you.
In the end, the decision to pay down your mortgage or invest your money is a personal one that should be based on your own financial goals and priorities.
So, don't be afraid to explore all of your options and make the decision that is","Yes, but only up to a point. Mortgage payments do pay off your principal, which is a good thing. But as you pay down your mortgage, your home equity increases, which is good. But if you don’t use that home equity to invest in an income-producing asset like a rental property, or a business, it is a missed opportunity. The real way to grow your wealth is to put your money to work in an investment, like stocks, bonds or real estate.
What is the difference between a stock and a bond?
A stock represents ownership in a business. You own a share of that business. You may own one share or many. You can buy, sell or trade stocks as you choose. You have no say in how the business is run, except when you vote on a proposal to put a new director on the board.
A bond is a debt. It represents a loan. You loan the issuer money, in exchange for interest and the promise of the issuer to pay you back the principal, or the original amount of money, at a specific date in the future. Bonds are like IOUs.
The biggest difference is risk. The risk of owning a stock is the risk"," Why or why not?
The following are the terms for the first four financial statement elements: Assets Liabilities Equity Expenses Revenues Which of the following are examples of the terms for each of the financial statement elements? Assets Liabilities Equity Expenses revenues

Answer: 1. Expenses 2. Revenues

2. Liabilities 3. Equity

3. Assets

4. Revenues 5. Expenses

5. Assets

6. Liabilities

7. Equity

8. Revenues

9. Expenses

10. Assets

11. Liabilities

12. Equity

13. Revenues

14. Expenses

15. Assets

16. Liabilities

17. Equity

18. Revenues

19. Expenses

20. Assets

21. Liabilities

22. Equity

23. Revenues

24. Expenses

25. Assets

26. Liabilities

27. Equity

28. Revenues

29. Expenses

30. Assets

31. Liabilities

32. Equity

33. Revenues

34. Expenses

35. Assets

36. Liabilities

37. Equity

38. Revenues

39. Expenses

40","
I have been thinking about paying down a little bit of my mortgage. My mortgage is at 10% of my gross income and I am only making 7000 dollars a month. My mortgaged house is 20 years old and is paid off. My income taxes are very high and I am hoping this will reduce the amount of taxes I pay. I have been reading about investing and I think that paying down my mortgage could be an investment for my future.
I am a first-time home buyer and I have decided to go with a fixed rate loan, rather than a variable rate. My first question is: Can I do this without incurring a penalty? Also, can I still get a down payment assistance from the government?
I've been looking at the 30 year fixed rate and it looks like a good deal. I'm not sure how much I can afford to put down on the house. I've heard the government will help with up to 20% of the down payment. What is the best way to figure out what I can afford?
How much does the interest rate on a"
"Utilize your financial knowledge, give your answer or opinion to the input question or subject . Answer format is not limited.
Can paying down a mortgage be considered an â€œinvestmentâ€?","I think it is just semantics, but this example demonstrates what they mean by that: If you put $100 in a CD today, it will grow and you will be able to take out a greater amount plus the original principal at a later time. If you put $100 extra on your house payment today, you may save some money in the long run, but you won't have an asset that you wouldn't otherwise have at the end of the term that you can draw on without selling the property. But of course, you can't live on the street, so you need another house. So ultimately you can't easily realize the investment. If you get super technical, you could probably rationalize it as an investment, just like you could call clipping coupons investing, but it all comes down to what your financial goals are. What the advisers are trying to tell you is that you shouldn't consider paying down your mortgage early as an acceptable substitute for socking away some money for retirement or other future expenses. House payments for a house you live in should be considered expenses, in my opinion. So my view is that paying off a note early is just a way of cutting expenses.","
Is it wise to pay down a mortgages with interest rate ?
In my opinion it is not. If the rate of interest is high it may cause you to have a hard time saving money in the long run.
You have the opportunity to earn extra money and pay down your mortgage faster by paying the mortgage interest early. You can even earn money by investing in the mortgage. The mortgage interest rate is the most important factor in your decision to pay down a home mortgage.
In order to understand the benefits of paying down your mortgages early, you must understand the mortgage rate. The mortgages rates are determined by the Federal Reserve Bank and are usually adjusted every month. The Fannie Mae mortgage rates were fixed between 1987 and 1995. The interest rates are based on the 10 year Treasury yield.
Mortgage rates are usually set by the Federal Reserve and are adjusted every month to keep rates as low as possible.
When the rate of interest on a mortgage is adjusted, the rate changes and is often called a â","
Is paying down a house mortgage considered an investment?
Why is it more efficient to buy a house than to rent one?
What is the cost of homeownership?
What is your view on the effectiveness of taxation?
Is it better to save money or pay more in taxes?
Can a property tax be considered an investment as well?
Do you believe that the cost of housing is going up too fast?
Is it important to keep the house mortgage low?
Why is a mortgage a better option than a home loan?
Why is home ownership considered a better investment?
Can a home be considered an investement?
Why is saving money the better investment? Why not investing?
Do you think home ownership is a good idea?
Why do people buy a house?
Why do some people buy a house and others rent?
Why do home owners need a home inspection?
Why do you buy a house? Is it better to buy or rent?
How much is the cost of a house? How much do you pay for a house?
Is buying a house a good investment?
What","
Yes.
Investment is defined as â€œa transaction or enterprise designed to create a profit.â€
So yes, if you have a mortgage that you are paying off it is considered as an investment.
If you are using the equity in your home for other purposes you are not investing.
So yes, but you must have enough income to support the mortgage and the other expenses, and have a plan to pay it off as soon as possible.
In order to pay off the mortgage you must first understand how much you can afford to pay each month. Then you must determine your monthly income. Then you must subtract your expenses from your income. You should be left with the amount you can afford to put towards the mortgage each month. If you are able to do this, then you are on your way to paying off the mortgages.
No. It is an investment in the form of money.
It depends on your financial situation. Some people choose to pay down a mortgages while others pay off their credit cards or other debts. It really depends on your personal situation.
Yes, if you","
The amount of money you put into an investment and the amount of money you get back in return.
Whether you are earning interest or capital gain, you are not losing money.
If you donât pay your mortgage, the house will be taken away.
When you pay off a mortgage early, you save money and interest.
If you invest in the stock market, your money is tied up for a long time, and it is not easy to get your money back.
Whether a mortgage is an investment or not depends on your goals and objectives. If your goal is to get a home, a mortgage can be considered an investment. You will pay less money for the house, and you can live there. The mortgage payments are tax deductible. If your goal to pay off your home and then live in it, then the mortgage is not an investment.
The amount of interest you pay is not considered when making an investment. When you buy a stock, you are expecting to make a profit. If you buy a stock at $10 per share and sell it at $15 per share, you","Answer: It can!



def is_all_capitals(s: str) -> bool:
    """"""
    Returns True if the input string is all in capital letters, False otherwise.
    """"""
   return s.isupper()



from typing import List

def get_all_the_bunnies(animals: List[str]) -> List[str]:
    """"""
        Returns a list of strings containing only the names of animals that are bunnies.
        If there are no bunnies in the input list, an empty list is returned.

    Args:
    animals (List[str]): A list of animal names as strings.

    Returns:
    List[str]: A list of strings containing the names of bunnies in `animals`.
    """"""
  bunnies = []
  for animal in animals:
    if animal.lower() == ""bunny"":
        bunnies.append(animal)
  return bunnies



>>> words = ['cat', 'dog', 'fish', 'bird']
>>> translate_to_french","Yes.
What is a good reason for paying down a mortgage?
Paying down your mortgage can help you pay down other debts.
Can you use tax credits to pay down your mortgage?
Yes, you can use tax credits to offset mortgage interest or make additional payments toward your mortgage.


Once upon a time, there were two friends named Alex and Ben. They were both passionate about sports and spent most of their time outdoors. Alex loved fishing, while Ben enjoyed hunting.

One day, Alex invited Ben to join him on a fishing trip. They packed their fishing rods, bait, and snacks and headed to a nearby lake. As they arrived at the lake, they noticed that the water was calm and clear, providing the perfect conditions for fishing.

As they settled by the shore, Alex cast his fishing line into the water and patiently waited for a bite. He loved the peacefulness of the surroundings and the thrill of catching fish. On the other hand, Ben was more interested in the thrill of hunting. He observed the trees and birds in the area, hoping to spot some game.

While Alex enjoyed the tranquility of fishing, Ben preferred the excitement of hunting. They respected each","Answer
In a way, yes, but only up to a point. It may be a good idea to put money into a savings account to avoid the risk of a default on a mortgage. But paying down a mortgage, which is secured by the equity in your home, can be considered a very good investment.
As you pay down your mortgage, your monthly payments are going to go down. But the value of your home will also go up, and you’re making a one-time investment in an asset that has a great potential for appreciation.
There are some tax benefits to paying down a mortgage as well. When you itemize your deductions, you can deduct interest you pay on your mortgage from your income, which can help lower your tax bill.
However, there are some potential drawbacks to paying down a house faster. First, you’ll have to pay more in interest in the short term. Second, if you’re in a volatile market, you may not get as much return on your investment as you’d like.
Ultimately, paying down a mortgage is a personal decision that depends on your financial situation and goals. If you’re able to do so without negatively impacting your","
What is the best way to save money for the future?
Is it better to buy a house in a neighborhood that has appreciated in value, or to purchase a home that is still appreciating in value?
How should I allocate my savings in order to maximize my future retirement income?
Is it safe to borrow money to invest?
What are the most important steps in creating a sound investment strategy?
Is it true that you canâ€™t get rich without taking risk?
What is your opinion on the idea of â€œdiversifyingâ€ your investments?
Is there such a thing as â€œtoo much moneyâ€?","
I am considering buying a new home and my husband and I will both be paying off our old home, which is 10 years old. I am wondering if it would be considered a good investment to pay off the mortgage on our old home and buy a new one.
Is it considered good investment to put all your money in one account and make your savings and investment for your children?
I have two children. 10 years and 14 years old. What should I do with my money. Should I have all my money in one account or should I have two separate accounts?"
"Utilize your financial knowledge, give your answer or opinion to the input question or subject . Answer format is not limited.
Can paying down a mortgage be considered an â€œinvestmentâ€?","I think it is just semantics, but this example demonstrates what they mean by that: If you put $100 in a CD today, it will grow and you will be able to take out a greater amount plus the original principal at a later time. If you put $100 extra on your house payment today, you may save some money in the long run, but you won't have an asset that you wouldn't otherwise have at the end of the term that you can draw on without selling the property. But of course, you can't live on the street, so you need another house. So ultimately you can't easily realize the investment. If you get super technical, you could probably rationalize it as an investment, just like you could call clipping coupons investing, but it all comes down to what your financial goals are. What the advisers are trying to tell you is that you shouldn't consider paying down your mortgage early as an acceptable substitute for socking away some money for retirement or other future expenses. House payments for a house you live in should be considered expenses, in my opinion. So my view is that paying off a note early is just a way of cutting expenses.","
Is there any way to increase the interest rate on a mortgage?
I would like to pay my mortgage in full. How do I get the most for my money?
How much can I expect to pay for my house in the future?
I want to buy a house, but I don't know what I'm going to do with the money. How can I find a mortgage loan?
How can I find the best mortgage for my situation?
Can I sell my house for more than I owe on it?
How do I make more money with my real estate business?
I am thinking about buying a home but don't have a good idea of how to do it. How do I know if the home is going to be a good investment?
How do you make a good return on your investment?
I'm thinking of buying a home. How do I go about making a good return on the investment?
What are some tips for buying a home?
What are the costs involved in buying a home in the market?
How do we get a mortgage for our new home?
What","
â€œInvestmentâ€™ is an expression used to describe the use of money or assets as a method of earning or earning money. It is generally used to describe the process of earning or gaining an income from the use of the assets.
A mortgage is an investment, in that it is used to secure an obligation to repay an amount of money that has been loaned to a borrower. This loan is usually a mortgage loan and a person or entity may borrow a fixed or variable amount of money. The borrower makes payments to the lender and the interest that accrues to the loan is calculated and paid on a monthly basis.
A mortage loan is the same thing as an installment loan and the installment loan is a loan that is taken out in installments over a period of time.
What is a mortgage and how does it work?
Mortgages are a type of loan. A mortgage loan is a loan given to a borrowee to purchase a house. The amount of money that is loaned to the borrower is called the principal amount and is usually a","
Can you describe your experience as a customer service representative?
Why should you get a college degree?
If I had to pick one job to do for a living, which one would you choose?
If you were a character from any TV show or movie, which character would you be?
Which person would you choose to play you in a movie?
What is the best advice you have ever received?
What are the most common mistakes you see people make when trying to sell something?
What are your top 3 things that you enjoy doing most?
What is your greatest strength?
What are some of your weaknesses?
What is something that you can do better?
Why do you want to study abroad?
What are 3 things that make you unique?
What are you most proud of?
How do you feel about yourself?
Why do people love you?
What are three things that you do every day?
What are things that you can do to be more social?
How often do you exercise?
What are ways to be more productive?
What are two things that you like about yourself?
What are a few things that you dislike about yourself","
A mortgage is a liability. It is an obligation to repay the amount borrowed. As such, it is an expense. If a person is financing a home by paying a mortgage and if the home appreciates in value, he will be paying less than he would have paid if he had bought a home with cash. However, the person will not have any capital gains.
Can payday loans be considered an â??investmentâ??
No, they are not an investment. You pay a high interest rate and have to repay the loan by your next payday.
How can a person with low income and bad credit pay his/her bills?
The person should look for other means to pay his/her debts. He/she can consider a loan to clear his/her debt.
A banker told me that it was impossible for me to get a loan without a good credit score. I have good credit, but I am currently living in a hotel. My parents are in a nursing home. I am trying to get my mother out of the nursing home and back home to live with me","""Yes""/""No"" (case insensitive).
""""""

import random

def generate_investment(amount: float, rate: float, period: int) -> float:
    """"""
    Calculates the value of an investment after a given period of time, given the initial amount, interest rate, and number of periods.

    Parameters:
    amount (float): The initial amount of the investment.
    rate (float): The annual interest rate as a decimal.
    period (int): The number of periods of time the investment is held.

    Returns:
    float: The value of the investment after the given period of time.
    """"""
        
    for i in range(period):
        amount += amount * rate
    return amount



def number_to_alphabet(num: int) -> str:
    """"""Converts a number to its corresponding alphabet letter, where 1=A, 2=B, etc.
    
    Args:
    - num: an integer representing the number to be converted
    
    Returns:
        - a string representing the corresponding alphabet letter
    
    Raises:","
Answer: Yes, paying down a mortgage can be considered an investment. By reducing the principal balance of the mortgage, you are lowering your overall debt and increasing your home equity. This can lead to potential financial benefits in the future, such as building wealth and securing better loan terms.

3. Is it important to have a clear understanding of the terms of a mortgage before making a decision?

Answer (negative): Yes, it is crucial to have a clear and comprehensive understanding of the terms and conditions of a mortgage before committing to a purchase. Ignoring or neglecting to fully comprehend the terms can lead to unforeseen financial burdens and difficulties in the long run.

Answer (positive): Absolutely! Understanding the terms of a loan is essential for making informed decisions and avoiding potential pitfalls. By being knowledgeable about the mortgage, you can ensure that you are making the best choice for your financial situation and goals.

4. Is it advisable to refinance a mortgage to lower interest rates?

Answer (-negative): Refinancing a mortgage can have its drawbacks. While it may initially seem like a good idea to lower interest rates, there are potential fees and penalties associated with refinancing. It is important to carefully consider these","A: It can be. It depends on the type of investment. The main thing is that the money that you put toward your mortgage is working for you. If you’re not taking advantage of the tax deduction for your mortgage interest, you should be.
In most cases, you’re going to be better off by putting the money toward a 401(k) or IRA than putting it toward your mortgage. The interest rate on a mortgage is going to be much lower than the returns you’ll get from investing the money.
However, there are some situations where you may be better off putting the money toward your mortgage. For example, if you have a high-interest rate on your credit cards, you’ll be better off paying those off first. You’ll be able to save money on interest, which will help you pay off your mortgage faster.
Another example is if you have a low-interest rate on a loan, you may be better of putting the money toward paying down the loan rather than investing it.
When it comes down to it, it’s up to you to decide what’s best for your situation. The most important thing is to make sure"," If yes, can you provide a definition of an investment and how it is similar to or different from a mortgage? If not, explain why not.

Answer:

An investment is an asset that is purchased with the expectation that it will
increase in value over time. A mortgage is a loan that is used to purchase a home.
Therefore, paying down a mortgage can be considered an investment because it is an
asset that is expected to increase in value over time (i.e., the value of the home).","
Can paying a mortgage down be considered an ""investment""? If yes, then what is an ""investor?""
A friend has told me that if he sells his car and truck to pay off his mortgage, then that is considered an ""inverse mortgage."" Is that correct?
A friend has suggested that if he selling his car and truc to pay off his loan, then that is an ""inverse"" mortgage. Is that correct? Is it an investment or a loan?
A friend told me that if you buy a house, you can use the equity to pay off your mortgage. I am not clear what you mean.
A friend told us that if you buy your house, you can invest the equity to get out of the mortgage. What exactly do you mean?
My friend said he would buy a house at auction. I am confused. Is it a loan or an investment?
A friend gave me the information that he was going to sell his house at auction and he could use the equity from the sale to pay off the mortgage on his home. What does he"
"Utilize your financial knowledge, give your answer or opinion to the input question or subject . Answer format is not limited.
Can paying down a mortgage be considered an â€œinvestmentâ€?","I think it is just semantics, but this example demonstrates what they mean by that: If you put $100 in a CD today, it will grow and you will be able to take out a greater amount plus the original principal at a later time. If you put $100 extra on your house payment today, you may save some money in the long run, but you won't have an asset that you wouldn't otherwise have at the end of the term that you can draw on without selling the property. But of course, you can't live on the street, so you need another house. So ultimately you can't easily realize the investment. If you get super technical, you could probably rationalize it as an investment, just like you could call clipping coupons investing, but it all comes down to what your financial goals are. What the advisers are trying to tell you is that you shouldn't consider paying down your mortgage early as an acceptable substitute for socking away some money for retirement or other future expenses. House payments for a house you live in should be considered expenses, in my opinion. So my view is that paying off a note early is just a way of cutting expenses.","
How much of a difference is a mortgage pay down 2 months 2 years and how much is a mortgages pay down 3 months 2 years?
How can I find out if a mortgage is paying off?
What is a 10-year mortgage?
How can you find out what a 10 year mortgage is worth?
How can i find out if my house is worth 10 years old?
How much is a 15 year mortgage? How much does it cost to refinance?
How can someone buy a house for 10 years?
What is the difference between 30 year mortgages and 20 year mortgagures?
What is 20 year fixed and 15 year adjustable?
What is an 18 year mortgage and what does it cost to get a 18 year fixed rate?
What is your best choice to refinance my mortgage?","
Answers to this question will depend on the specific situation of the mortgage holder, as well as the amount of the mortgaged property.
A mortgage is not considered an investment.
The purpose of a mortgage is to pay off the principal of a mortgaged property over a long period of time.
A mortage is considered an investment if the mortgaged item is the only item in the mortgage that is in a state of depreciation.
A mortaged item is considered an investor when it is considered a property that can be purchased by others at a later date.
A mortged item can be considered an investment because it is a depreciable asset, or asset that has significant appreciation in value.
The amount of the mortaged item depends on the type of mortgage that has been entered into.
The interest rate that the mortgage is being purchased at will be considered a part of the interest that is payable on the mortgage.
A mortgee is a creditor that is a holder of a mortgagorâ€™s property and a creditor that will take legal action against the","
What is the purpose of a 1031 exchange?
How is the cost of living in the United States calculated?
What is an â€œindirect investmentâ€ and how does it compare to a direct investment?
Which is the most important aspect of the balance sheet?
What are the advantages of holding a bond?
What are some of the different types of investments available?
How does a companyâ€™s capital structure affect the stock price?
What is a corporate debt security?
What is meant by â€œa corporation is a legal entity separate from its shareholdersâ€? Explain.
What is the difference between a corporation and a partnership?
What are common misconceptions regarding bonds?
What are three ways to determine a companyâ€'s capital structure?
What are two types of bonds?
When should a company sell its stocks?
What is one type of security that a company may use to finance a purchase?
What is mean by â€œshareholders equityâ€?","
I'm sorry, but I don't understand your question. Could you please clarify it for me?
Yes, paying down a home mortgage can be considered an investment. It is not the same as investing in stocks or bonds, but it is a form of investment.
The mortgage interest deduction is an important part of the tax code. It is designed to encourage the payment of mortgage interest, which helps homeowners pay for their homes and is good for the housing market.
It also provides a big tax break for those who are able to itemize deductions on their tax returns.
There are some limits on how much mortgage interest can be deducted. For example, you can't deduct more than the amount of interest you actually paid on your home mortgage.
Also, the limit applies to mortgages that are used to buy, build, or improve your primary residence.
There are other ways to save money on your taxes, but this one is probably the most common.
You can find more information about this topic in IRS Publication 530 â€"" Home Mortgage Interest","Nah""
""""""

from typing import List

def generate_double_money_investment(amount: float, rate: float, years: int) -> List[float]:
    """"""
    Generates a double money investment based on the initial amount, interest rate, and number of years.
    
    Args:
    - amount: the initial amount of money invested
    - rate: the annual interest rate as a decimal (e.g. 0.05 for 5%)
    - years: the number of years the investment will accrue interest
    
    Returns:
    - A list of floats representing the amount of money invested each year, including the initial investment.
    """"""
        
    # Calculate the monthly interest rate
    monthly_rate = rate / 12
    
    # Calculating the total amount of money invested in one year
    total_investment = amount * ((1 + monthly_rate) ** years)
    
    return [amount, total_investment]



def is_prime_candidate(num: int) -> bool:
    """"""
      Returns True if the given number is a","
(1). Paying down a mortgage can be considered an investment because it can increase the value of your home over time.
(2). Paying down your mortgage is more beneficial than paying off credit card debt because it can provide tax advantages.
(3). Paying down mortgage debt is more important than purchasing a new car because it helps build equity and improves your financial situation.
(4). Paying down the mortgage is more beneficial for homeowners than renting because it allows you to build equity and potentially sell your home for a higher price.
(5). Paying down debt is more beneficial than buying a luxury item because it helps improve your credit score and financial well-being.
(6). Paying down loan debt is more important for college students than paying off credit cards because it can lower interest rates and provide more financial stability.

(7). Paying down student loans is more beneficial than taking out a personal loan because it helps lower the overall cost of your education.
(8). Paying off credit card debt is more beneficial for retirees than taking out a mortgage because it allows them to save money on interest payments.
(9). Paying off debt is more important to homeowners than renters","In theory, yes.
The money that goes toward paying off your mortgage principal is going into the same pool of money as your retirement account, your investments, or other types of savings that can earn you returns. The difference is that your mortgage is earning you a return of 0%. If you put the money toward something that earns you a higher return, you are in fact making an investment.
If you have a mortgage, you are paying off the debt that you owe the lender. The debt does not provide a return, but the interest rate on your mortgage is often lower than the returns on other types of investments, such as CDs and savings accounts. That means that even though you are not earning a return on your mortgage, you are still paying a lower rate of interest than you would on other types of loans.
In theory, paying down your mortgage is a form of saving. But in practice, it may not be the best way to save money. If you are paying off your mortgage, you may be sacrificing the opportunity to invest that money in other ways. For example, you could be investing that money in a 401(k) or IRA, which would give you tax-advantaged returns.
Additionally, if you","
Is it possible to save up enough money to be able to afford an investment property?
Is it true that you can only have 1 investment property at a time?
What is the difference between investment properties and primary residence?
Are investment properties considered real estate or business?
Is a property a good investment for the future?
Can I afford a home with a mortgage?
Is a mortgage a good investment?
Is an investment property a good investment?","
Can I use my personal income to pay for college expenses?
Does it matter how much of your income goes to debt?
How do I avoid taking on more debt?
What are some alternatives to student loans?
How do you know when you can afford to pay off your credit cards?
How do interest rates change and what does it mean for you?
What should I consider when shopping for a mortgage?
What are the advantages of refinancing your mortgage?"
"Utilize your financial knowledge, give your answer or opinion to the input question or subject . Answer format is not limited.
Can paying down a mortgage be considered an â€œinvestmentâ€?","I think it is just semantics, but this example demonstrates what they mean by that: If you put $100 in a CD today, it will grow and you will be able to take out a greater amount plus the original principal at a later time. If you put $100 extra on your house payment today, you may save some money in the long run, but you won't have an asset that you wouldn't otherwise have at the end of the term that you can draw on without selling the property. But of course, you can't live on the street, so you need another house. So ultimately you can't easily realize the investment. If you get super technical, you could probably rationalize it as an investment, just like you could call clipping coupons investing, but it all comes down to what your financial goals are. What the advisers are trying to tell you is that you shouldn't consider paying down your mortgage early as an acceptable substitute for socking away some money for retirement or other future expenses. House payments for a house you live in should be considered expenses, in my opinion. So my view is that paying off a note early is just a way of cutting expenses.","
The first step in your answer is to choose an answer. To begin, you need to define the answer.
Define your answer:
The definition of the answer will be used to decide how to answer the question.
The definition of your answer is a statement or description of the answer that must be used to answer the question
If your answer is an answer, you are correct. However, if it is not an answer, you have to provide an explanation to the question.
Answer format:
- The format of your answer is not limited. It depends on the question.
- You can choose an answer format, such as one of the following:
- Answer:
- Answers are written in a logical fashion that explains the answer and what it is trying to say. The format is:
- Question:
- The answer to the question is given in an answer format that is more informal than an answer. For example, you might use one of the following answers.
- Your answer should be the most appropriate answer. The answer should not be an explanation of the question, but a logical description of the answer and what the answer is trying to say in the question.
An answer that is","
A. Yes, you can.
B. No, you can't.
C. Yes, you should.
D. No, you should not.
The term â€œincome tax deductionâ€ can be used to refer to the amount that the taxpayer is entitled to claim on a return for income tax paid. In other words, the taxpayer's taxable income. It is also used to refer to an amount that is deductible from taxes.
How is the mortgage interest deduction treated as a deductible expense?
A. You are not allowed to deduct interest paid on a mortgage. The only taxable deduction is the principal of the mortgage.
B. The mortgage interest may be deductible as a loan interest expense. The loan interest expense is not allowed to be carried back. The deduction is only allowed to be applied to the principal of the loan. The amount of interest is limited to the amount that is allowed to be carried forward, but the loan interest expense can be carried forward as long as it is carried forward in a taxable year.
C.","
I have a mortgage on my home. I've been making payments on it every month for 10 years. If I were to pay it down by $1,000 per month for 20 years, how much would I have saved by the end of the 20 years?
The answer is $28,851.
The reason is because at the beginning of the 2 decades I'll have made $2,000 (1200/10), which will be $2,400 at the end. At the end of 20 years I'll have saved $31,451, which will be $33,700.
If you pay down the loan by $1,500 per month and then $2,500 in the second year, you would have paid off the loan in 25 years. At that point you would have saved $44,951 and would have a balance of $43,400.
The reason you are not making $2,425 in payments is because you are making payments","
The purpose of this question is to know the applicant's opinion.
If you are interested in getting a mortgage or refinance, or if you are considering it, this question is for you.
The purpose of the question is to know your opinion about the subject.
I want to know if you consider it to be a good idea to pay off your mortgage.
The purpose is to know your answer or opinion.
The purpose to know your answer.
The purpose it to know your opinion or answer.
The question is to know what you think.
The purpose for this question is to see if you consider this a good idea.
The purpose in this question is to get your opinion.
The question was asked to see if you thought this was a good idea. The answer will determine whether you will get a mortgage. It is to know your thoughts.
The question asked if you consider paying off a mortgage to be a good investment. You can choose whether you want to answer that or not.
The purpose was to know if you think it is a good idea to invest money on a mortgage loan.
The purpose behind this question","""Yes"" ""Yes"" ""Absolutely"" ""Not very"" ""Very"" ""Most"" ""Most"" etc. ""Most"" means the investor is most likely to make a mistake or underestimate their true value. ""Not very"" means the investor may be undervalued or overvalued. ""Yes"" ""No"" ""Yes"" is a perfectly valid response to a given question or subject. ""Yes"" and ""No"" are complementary to each other. ""Most"" is the most common response and is also the most precious. ""Least"" is the least common response and is the least precious.



from typing import List

def calculate_biggest_number_combination(numbers: List[int]) -> int:
    """"""
    Returns the largest possible number that can be formed by concatenating the integers in the list.

    Args:
    - numbers: A list of integers

    Returns:
    - The largest possible number thatcan be formed by concating the integers inthe list
    """"""

    # Convert integers to strings
    numbers = [str(num) for num in numbers]

    # Sort the list of strings in descending order
","
Answer:
Paying down a mortgage can be considered an investment because it allows homeowners to accumulate equity over time. Equity is the difference between the market value of a home and the amount owed on the mortgage. By paying down the mortgage, homeowners are increasing the value of their property, which can be beneficial if they decide to sell it in the future. Additionally, paying down the mortgage can lead to lower interest payments, saving homeowners money in the long run.

Statement:

Paying off a mortgage is an example of investing money.

Question:

What are some potential benefits of paying off a mortgage?

Answer (positive):

Paying down the mortgage can have several positive benefits. Firstly, it can help homeowners build equity in their property, as they are reducing the amount they owe on the mortgage. This can be particularly beneficial if the homeowner plans to sell the property in the future, as it can increase the selling price and potentially generate a profit. Secondly, paying down the monthly mortgage payments can save homeowners money in the form of interest payments. Over time, this can result in significant savings and reduce overall debt. Lastly, paying off the mortgage can provide a sense of financial security and peace","Yes. Paying down a mortgage can be considered an investment. If the mortgage has a low-interest rate, you will pay off the mortgage more quickly. The extra money saved by paying off the mortgage will be a return on your initial investment.
Whatâ€™s the â€Śreturnâ€ from paying off a mortgage?
The return on investment from paying off a high-interest rate mortgage is the savings you earn over the life of the mortgage. The longer you pay off the mortgage, the more you will save. The savings are greater when the interest rate is higher. For example, if you are paying 6% on a 30-year mortgage, and the interest rate on a new mortgage is 5%, you will save $20,000 over the life of your mortgage. This savings is the return on your investment.
How much of an investment is paying down a mortgage?
There is no easy answer to this question because it depends on the individual situation. Some people may not be able to afford to pay down their mortgage. Others may choose to invest in other things, such as stocks or mutual funds. Ultimately, the decision to pay down a mortgage is a personal one that depends on","
How can a person's financial decisions affect his or her life expectancy?
What is a â€œdown paymentâ€? What are the benefits of making a down payment?
What is the purpose of a personal loan? What is the interest rate on personal loans?
What is ""risk-free return"" on investment?
What is net worth?
What are the benefits of paying off a mortgage early?
How can the cost of a loan be reduced?
How is investing in a Roth IRA different than investing in a taxable investment account?","
Do you have any money left over from your last paycheck after you pay the taxes?
If you don't own your own home and live in an apartment, do you get any tax break from renting?
How would you handle a payday loan if you didn't pay it back on time?
If you were given a $20,000 tax refund, what would you do with it?
If you received a $5,000 paycheck this week and your bills are $1,500 and you need to pay the rent for another week, what would you spend it on?
You have a lot of money, and you want to put it into a savings account, but you want to keep it safe. Where would you put it?
You want to put $20,500 in a savings account. What type of account would you use?
What is the best way to invest in the stock market?
What would you do if you were given $10,001 by accident?
You have $10,501 in your bank account. What would you do with the money?"
